{"episode_id": 4000, "content_type": "video/mp4", "encoder_version": {"backend": "ffmpeg", "version": "b\"ffmpeg version 4.2.2 Copyright (c) 2000-2019 the FFmpeg developers\\nbuilt with Apple clang version 11.0.0 (clang-1100.0.33.16)\\nconfiguration: --prefix=/usr/local/Cellar/ffmpeg/4.2.2_1 --enable-shared --enable-pthreads --enable-version3 --enable-avresample --cc=clang --host-cflags='-I/Library/Java/JavaVirtualMachines/adoptopenjdk-13.0.1.jdk/Contents/Home/include -I/Library/Java/JavaVirtualMachines/adoptopenjdk-13.0.1.jdk/Contents/Home/include/darwin -fno-stack-check' --host-ldflags= --enable-ffplay --enable-gnutls --enable-gpl --enable-libaom --enable-libbluray --enable-libmp3lame --enable-libopus --enable-librubberband --enable-libsnappy --enable-libtesseract --enable-libtheora --enable-libvidstab --enable-libvorbis --enable-libvpx --enable-libwebp --enable-libx264 --enable-libx265 --enable-libxvid --enable-lzma --enable-libfontconfig --enable-libfreetype --enable-frei0r --enable-libass --enable-libopencore-amrnb --enable-libopencore-amrwb --enable-libopenjpeg --enable-librtmp --enable-libspeex --enable-libsoxr --enable-videotoolbox --disable-libjack --disable-indev=jack\\nlibavutil      56. 31.100 / 56. 31.100\\nlibavcodec     58. 54.100 / 58. 54.100\\nlibavformat    58. 29.100 / 58. 29.100\\nlibavdevice    58.  8.100 / 58.  8.100\\nlibavfilter     7. 57.100 /  7. 57.100\\nlibavresample   4.  0.  0 /  4.  0.  0\\nlibswscale      5.  5.100 /  5.  5.100\\nlibswresample   3.  5.100 /  3.  5.100\\nlibpostproc    55.  5.100 / 55.  5.100\\n\"", "cmdline": ["ffmpeg", "-nostats", "-loglevel", "error", "-y", "-r", "50", "-f", "rawvideo", "-s:v", "1200x800", "-pix_fmt", "rgb24", "-i", "-", "-vf", "scale=trunc(iw/2)*2:trunc(ih/2)*2", "-vcodec", "libx264", "-pix_fmt", "yuv420p", "/Users/codebreaker/Desktop/PROJECTS/PPO/PPO/BipedalWalker-v2/20200202-121026/BipedalWalker-v2/openaigym.video.0.85454.video004000.mp4"]}}